{"Alloc":18001384,"BuckHashSys":6235,"Frees":24750,"GCCPUFraction":0.00014483071527962205,"GCSys":7742640,"HeapAlloc":18001384,"HeapIdle":16515072,"HeapInuse":19202048,"HeapObjects":6027,"HeapReleased":15564800,"HeapSys":35717120,"LastGC":1691045174932945000,"Lookups":0,"MCacheInuse":7008,"MCacheSys":16352,"MSpanInuse":110592,"MSpanSys":113904,"Mallocs":30777,"NextGC":24771936,"NumForcedGC":0,"NumGC":17,"OtherSys":1445237,"PauseTotalNs":2788500,"PollCount":325,"RandomValue":97.52416188605784,"StackInuse":2031616,"StackSys":2031616,"Sys":47073104,"TotalAlloc":145354064}