{"Alloc":24180688,"BuckHashSys":6362,"Frees":768,"GCCPUFraction":0.0001926071367174514,"GCSys":7273064,"HeapAlloc":24180688,"HeapIdle":3112960,"HeapInuse":25559040,"HeapObjects":5240,"HeapReleased":1302528,"HeapSys":28672000,"LastGC":1691009246561326600,"Lookups":0,"MCacheInuse":7008,"MCacheSys":16352,"MSpanInuse":85968,"MSpanSys":97632,"Mallocs":6008,"NextGC":39394464,"NumForcedGC":0,"NumGC":1,"OtherSys":1266990,"PauseTotalNs":508000,"PollCount":325,"RandomValue":9.696951891448457,"StackInuse":688128,"StackSys":688128,"Sys":38020528,"TotalAlloc":24214376}